OrderID,DeliveryTime,ReturnStatus,DeliveryPartner
O3000,4,Delivered,3PL_B
O3001,9,Delivered,Valmo
O3002,5,Delivered,3PL_A
O3003,6,Returned,Valmo
O3004,9,Returned,3PL_B
O3005,5,Delivered,3PL_A
O3006,2,Delivered,3PL_B
O3007,6,Delivered,3PL_A
O3008,9,Delivered,3PL_B
O3009,4,Delivered,3PL_B
O3010,2,Returned,3PL_A
O3011,6,Delivered,Valmo
O3012,9,Delivered,3PL_A
O3013,9,Delivered,3PL_A
O3014,6,Delivered,3PL_A
O3015,5,Delivered,3PL_A
O3016,2,Delivered,3PL_A
O3017,4,Delivered,3PL_B
O3018,4,Returned,3PL_B
O3019,2,Delivered,Valmo
O3020,2,Delivered,Valmo
O3021,7,Delivered,3PL_A
O3022,3,Delivered,Valmo
O3023,9,Delivered,Valmo
O3024,5,Delivered,3PL_A
O3025,2,Delivered,3PL_B
O3026,2,Delivered,3PL_B
O3027,3,Delivered,Valmo
O3028,3,Delivered,3PL_B
O3029,6,Delivered,3PL_B
O3030,8,Delivered,Valmo
O3031,4,Delivered,3PL_A
O3032,5,Delivered,Valmo
O3033,6,Returned,Valmo
O3034,2,Delivered,Valmo
O3035,9,Delivered,3PL_A
O3036,3,Delivered,3PL_A
O3037,7,Delivered,3PL_A
O3038,4,Delivered,3PL_A
O3039,6,Delivered,Valmo
O3040,7,Delivered,3PL_B
O3041,4,Delivered,Valmo
O3042,8,Delivered,3PL_A
O3043,8,Delivered,3PL_B
O3044,7,Delivered,Valmo
O3045,3,Delivered,3PL_B
O3046,6,Delivered,3PL_A
O3047,6,Delivered,3PL_B
O3048,8,Returned,3PL_B
O3049,4,Delivered,3PL_A
O3050,7,Delivered,3PL_B
O3051,3,Delivered,Valmo
O3052,2,Delivered,3PL_B
O3053,6,Delivered,Valmo
O3054,9,Delivered,3PL_B
O3055,2,Delivered,3PL_B
O3056,3,Delivered,3PL_A
O3057,8,Returned,3PL_A
O3058,9,Delivered,Valmo
O3059,6,Delivered,3PL_A
O3060,6,Returned,3PL_A
O3061,7,Delivered,3PL_A
O3062,9,Returned,3PL_A
O3063,2,Delivered,3PL_A
O3064,8,Delivered,Valmo
O3065,7,Returned,Valmo
O3066,5,Returned,3PL_A
O3067,2,Delivered,3PL_A
O3068,2,Delivered,Valmo
O3069,5,Delivered,3PL_B
O3070,3,Delivered,Valmo
O3071,9,Delivered,3PL_B
O3072,9,Delivered,3PL_A
O3073,3,Returned,3PL_A
O3074,6,Delivered,Valmo
O3075,4,Delivered,3PL_A
O3076,7,Delivered,3PL_B
O3077,4,Delivered,3PL_B
O3078,6,Delivered,Valmo
O3079,9,Returned,3PL_B
O3080,4,Delivered,Valmo
O3081,2,Delivered,Valmo
O3082,2,Delivered,3PL_B
O3083,5,Delivered,3PL_B
O3084,5,Delivered,3PL_B
O3085,6,Delivered,3PL_B
O3086,6,Delivered,3PL_B
O3087,8,Delivered,3PL_B
O3088,6,Delivered,3PL_B
O3089,2,Delivered,3PL_A
O3090,4,Delivered,Valmo
O3091,7,Delivered,Valmo
O3092,8,Delivered,3PL_B
O3093,8,Delivered,Valmo
O3094,9,Returned,3PL_B
O3095,8,Delivered,3PL_A
O3096,6,Delivered,Valmo
O3097,6,Delivered,Valmo
O3098,2,Delivered,3PL_A
O3099,7,Delivered,3PL_A
O3100,2,Delivered,3PL_A
O3101,7,Delivered,Valmo
O3102,2,Delivered,Valmo
O3103,4,Delivered,3PL_A
O3104,9,Delivered,3PL_A
O3105,6,Delivered,3PL_A
O3106,3,Delivered,3PL_A
O3107,3,Delivered,3PL_A
O3108,9,Delivered,3PL_B
O3109,6,Delivered,3PL_A
O3110,8,Delivered,3PL_B
O3111,6,Delivered,Valmo
O3112,6,Delivered,Valmo
O3113,9,Delivered,3PL_B
O3114,6,Delivered,3PL_A
O3115,8,Delivered,Valmo
O3116,7,Delivered,3PL_A
O3117,9,Delivered,3PL_A
O3118,4,Delivered,3PL_B
O3119,3,Delivered,Valmo
O3120,9,Delivered,Valmo
O3121,5,Delivered,3PL_B
O3122,3,Delivered,3PL_A
O3123,3,Returned,3PL_A
O3124,8,Returned,Valmo
O3125,2,Delivered,3PL_B
O3126,6,Delivered,3PL_B
O3127,6,Delivered,3PL_A
O3128,6,Delivered,3PL_A
O3129,2,Returned,3PL_B
O3130,8,Delivered,Valmo
O3131,9,Delivered,3PL_A
O3132,4,Returned,3PL_B
O3133,4,Returned,3PL_B
O3134,8,Returned,3PL_B
O3135,5,Returned,Valmo
O3136,4,Delivered,3PL_A
O3137,8,Delivered,3PL_A
O3138,9,Delivered,3PL_A
O3139,4,Delivered,Valmo
O3140,6,Delivered,3PL_A
O3141,7,Delivered,3PL_A
O3142,8,Delivered,3PL_A
O3143,3,Delivered,3PL_A
O3144,4,Delivered,Valmo
O3145,4,Delivered,3PL_B
O3146,2,Returned,3PL_B
O3147,5,Delivered,3PL_A
O3148,7,Delivered,3PL_A
O3149,9,Delivered,3PL_A
O3150,2,Delivered,Valmo
O3151,6,Delivered,3PL_A
O3152,3,Delivered,Valmo
O3153,5,Returned,3PL_A
O3154,2,Delivered,3PL_A
O3155,8,Delivered,3PL_B
O3156,4,Delivered,3PL_A
O3157,4,Delivered,Valmo
O3158,5,Delivered,3PL_B
O3159,4,Delivered,Valmo
O3160,8,Delivered,3PL_B
O3161,2,Returned,Valmo
O3162,2,Delivered,3PL_B
O3163,4,Delivered,Valmo
O3164,4,Delivered,Valmo
O3165,6,Delivered,3PL_A
O3166,3,Returned,3PL_B
O3167,9,Delivered,3PL_B
O3168,5,Delivered,3PL_A
O3169,2,Delivered,Valmo
O3170,5,Delivered,Valmo
O3171,6,Delivered,3PL_B
O3172,2,Delivered,Valmo
O3173,6,Delivered,3PL_B
O3174,6,Returned,3PL_B
O3175,7,Delivered,Valmo
O3176,4,Delivered,Valmo
O3177,8,Returned,Valmo
O3178,7,Returned,3PL_A
O3179,9,Delivered,3PL_B
O3180,5,Delivered,Valmo
O3181,8,Delivered,3PL_A
O3182,5,Returned,Valmo
O3183,4,Delivered,3PL_B
O3184,8,Returned,3PL_A
O3185,7,Delivered,3PL_B
O3186,5,Delivered,Valmo
O3187,7,Delivered,Valmo
O3188,4,Delivered,Valmo
O3189,8,Delivered,3PL_A
O3190,8,Delivered,3PL_A
O3191,2,Delivered,3PL_A
O3192,6,Delivered,3PL_A
O3193,6,Delivered,Valmo
O3194,7,Returned,Valmo
O3195,8,Returned,Valmo
O3196,5,Delivered,3PL_A
O3197,7,Delivered,3PL_A
O3198,7,Delivered,Valmo
O3199,3,Delivered,Valmo
O3200,9,Delivered,3PL_A
O3201,8,Delivered,3PL_B
O3202,6,Delivered,Valmo
O3203,8,Delivered,Valmo
O3204,4,Delivered,Valmo
O3205,7,Delivered,3PL_A
O3206,3,Returned,Valmo
O3207,3,Delivered,Valmo
O3208,6,Returned,Valmo
O3209,6,Returned,Valmo
O3210,6,Delivered,Valmo
O3211,4,Delivered,3PL_B
O3212,3,Delivered,3PL_B
O3213,5,Delivered,Valmo
O3214,4,Delivered,Valmo
O3215,2,Delivered,Valmo
O3216,9,Delivered,Valmo
O3217,9,Delivered,3PL_A
O3218,7,Delivered,3PL_A
O3219,9,Delivered,3PL_A
O3220,6,Delivered,3PL_B
O3221,3,Returned,Valmo
O3222,9,Delivered,3PL_A
O3223,7,Delivered,Valmo
O3224,9,Delivered,Valmo
O3225,8,Returned,3PL_B
O3226,4,Delivered,3PL_B
O3227,2,Delivered,3PL_A
O3228,8,Delivered,3PL_A
O3229,4,Delivered,3PL_B
O3230,4,Returned,3PL_B
O3231,5,Delivered,Valmo
O3232,9,Delivered,Valmo
O3233,7,Delivered,3PL_A
O3234,5,Delivered,3PL_A
O3235,4,Returned,3PL_B
O3236,9,Delivered,3PL_A
O3237,2,Delivered,Valmo
O3238,3,Returned,3PL_B
O3239,3,Delivered,Valmo
O3240,9,Delivered,3PL_B
O3241,8,Returned,3PL_B
O3242,7,Delivered,Valmo
O3243,6,Returned,3PL_A
O3244,6,Delivered,3PL_A
O3245,3,Delivered,3PL_A
O3246,4,Delivered,3PL_A
O3247,4,Delivered,Valmo
O3248,5,Delivered,3PL_B
O3249,9,Delivered,Valmo
O3250,7,Returned,3PL_A
O3251,9,Delivered,3PL_A
O3252,9,Delivered,Valmo
O3253,5,Delivered,3PL_B
O3254,6,Delivered,Valmo
O3255,9,Delivered,Valmo
O3256,3,Delivered,Valmo
O3257,8,Returned,3PL_B
O3258,9,Delivered,Valmo
O3259,4,Returned,Valmo
O3260,9,Delivered,3PL_A
O3261,3,Returned,Valmo
O3262,2,Returned,3PL_A
O3263,3,Delivered,3PL_A
O3264,2,Delivered,3PL_A
O3265,5,Delivered,3PL_B
O3266,5,Delivered,3PL_A
O3267,6,Delivered,Valmo
O3268,3,Returned,Valmo
O3269,3,Delivered,3PL_A
O3270,2,Delivered,3PL_A
O3271,5,Delivered,Valmo
O3272,2,Delivered,3PL_A
O3273,5,Delivered,3PL_B
O3274,2,Delivered,3PL_A
O3275,5,Returned,3PL_B
O3276,2,Delivered,3PL_B
O3277,8,Delivered,3PL_B
O3278,5,Delivered,3PL_A
O3279,7,Delivered,3PL_B
O3280,2,Returned,3PL_B
O3281,3,Returned,3PL_A
O3282,6,Delivered,3PL_B
O3283,7,Delivered,3PL_A
O3284,7,Returned,Valmo
O3285,2,Delivered,3PL_B
O3286,6,Delivered,3PL_A
O3287,3,Delivered,Valmo
O3288,7,Delivered,3PL_B
O3289,3,Delivered,3PL_B
O3290,5,Delivered,3PL_A
O3291,9,Delivered,Valmo
O3292,8,Delivered,3PL_A
O3293,9,Delivered,3PL_B
O3294,9,Delivered,3PL_B
O3295,6,Delivered,3PL_B
O3296,8,Delivered,3PL_B
O3297,4,Delivered,Valmo
O3298,5,Delivered,Valmo
O3299,6,Delivered,3PL_A
O3300,2,Returned,3PL_A
O3301,8,Delivered,3PL_A
O3302,2,Delivered,3PL_B
O3303,3,Delivered,3PL_A
O3304,9,Delivered,Valmo
O3305,7,Delivered,3PL_A
O3306,8,Delivered,3PL_A
O3307,4,Returned,Valmo
O3308,2,Delivered,Valmo
O3309,6,Delivered,3PL_B
O3310,8,Delivered,Valmo
O3311,8,Delivered,Valmo
O3312,7,Delivered,3PL_A
O3313,7,Delivered,Valmo
O3314,6,Returned,3PL_B
O3315,7,Delivered,3PL_A
O3316,2,Delivered,3PL_B
O3317,6,Delivered,Valmo
O3318,9,Delivered,3PL_B
O3319,6,Delivered,3PL_B
O3320,3,Delivered,Valmo
O3321,4,Delivered,Valmo
O3322,8,Returned,3PL_A
O3323,3,Delivered,3PL_A
O3324,4,Delivered,3PL_A
O3325,6,Delivered,Valmo
O3326,8,Delivered,3PL_B
O3327,7,Delivered,3PL_B
O3328,4,Delivered,3PL_A
O3329,6,Delivered,3PL_A
O3330,6,Delivered,Valmo
O3331,3,Delivered,3PL_B
O3332,3,Delivered,3PL_A
O3333,7,Delivered,Valmo
O3334,9,Delivered,3PL_A
O3335,5,Delivered,Valmo
O3336,2,Delivered,3PL_B
O3337,5,Delivered,Valmo
O3338,5,Returned,3PL_A
O3339,8,Delivered,3PL_A
O3340,9,Delivered,3PL_B
O3341,8,Delivered,3PL_B
O3342,7,Delivered,3PL_A
O3343,8,Delivered,3PL_A
O3344,4,Delivered,3PL_A
O3345,7,Delivered,3PL_B
O3346,7,Delivered,3PL_A
O3347,6,Delivered,3PL_B
O3348,6,Delivered,3PL_A
O3349,6,Returned,Valmo
O3350,2,Delivered,Valmo
O3351,4,Delivered,3PL_A
O3352,4,Delivered,Valmo
O3353,6,Delivered,3PL_B
O3354,5,Delivered,Valmo
O3355,2,Returned,Valmo
O3356,5,Returned,3PL_B
O3357,3,Delivered,Valmo
O3358,4,Delivered,Valmo
O3359,4,Returned,3PL_A
O3360,5,Delivered,3PL_B
O3361,2,Delivered,3PL_B
O3362,4,Delivered,3PL_A
O3363,5,Delivered,3PL_A
O3364,7,Delivered,Valmo
O3365,7,Delivered,Valmo
O3366,8,Delivered,Valmo
O3367,2,Delivered,3PL_A
O3368,5,Delivered,3PL_B
O3369,8,Delivered,Valmo
O3370,7,Returned,3PL_A
O3371,2,Delivered,3PL_B
O3372,9,Delivered,3PL_A
O3373,8,Delivered,Valmo
O3374,9,Delivered,3PL_A
O3375,6,Delivered,3PL_A
O3376,2,Delivered,3PL_A
O3377,3,Delivered,3PL_A
O3378,6,Delivered,3PL_B
O3379,8,Delivered,Valmo
O3380,5,Delivered,3PL_B
O3381,6,Delivered,3PL_A
O3382,6,Delivered,3PL_A
O3383,8,Delivered,Valmo
O3384,5,Returned,Valmo
O3385,5,Delivered,3PL_B
O3386,7,Delivered,3PL_B
O3387,3,Delivered,Valmo
O3388,5,Delivered,3PL_B
O3389,4,Delivered,3PL_A
O3390,4,Delivered,3PL_A
O3391,3,Delivered,Valmo
O3392,2,Delivered,3PL_B
O3393,8,Delivered,3PL_A
O3394,2,Delivered,Valmo
O3395,4,Delivered,3PL_B
O3396,5,Delivered,3PL_A
O3397,3,Delivered,3PL_B
O3398,2,Returned,3PL_B
O3399,2,Returned,3PL_B
O3400,9,Delivered,Valmo
O3401,8,Returned,3PL_A
O3402,6,Returned,Valmo
O3403,4,Delivered,3PL_A
O3404,5,Returned,3PL_A
O3405,3,Delivered,Valmo
O3406,2,Delivered,Valmo
O3407,8,Delivered,3PL_A
O3408,6,Delivered,3PL_A
O3409,4,Delivered,3PL_A
O3410,4,Delivered,3PL_B
O3411,8,Delivered,3PL_A
O3412,9,Delivered,Valmo
O3413,3,Returned,Valmo
O3414,2,Delivered,Valmo
O3415,3,Delivered,3PL_A
O3416,8,Delivered,3PL_A
O3417,8,Delivered,3PL_B
O3418,3,Delivered,3PL_B
O3419,7,Delivered,Valmo
O3420,6,Delivered,3PL_B
O3421,4,Delivered,3PL_B
O3422,7,Returned,Valmo
O3423,5,Delivered,3PL_A
O3424,4,Delivered,3PL_B
O3425,4,Delivered,3PL_A
O3426,6,Returned,Valmo
O3427,5,Delivered,Valmo
O3428,2,Delivered,3PL_B
O3429,5,Delivered,Valmo
O3430,2,Delivered,Valmo
O3431,9,Returned,Valmo
O3432,9,Delivered,3PL_B
O3433,5,Delivered,3PL_B
O3434,3,Delivered,3PL_B
O3435,8,Delivered,Valmo
O3436,5,Delivered,3PL_A
O3437,7,Delivered,Valmo
O3438,7,Returned,3PL_B
O3439,6,Delivered,3PL_A
O3440,8,Delivered,3PL_A
O3441,8,Delivered,3PL_B
O3442,2,Delivered,3PL_A
O3443,4,Delivered,3PL_A
O3444,6,Delivered,3PL_B
O3445,7,Delivered,3PL_A
O3446,7,Delivered,3PL_A
O3447,9,Delivered,3PL_B
O3448,2,Delivered,3PL_A
O3449,7,Delivered,3PL_A
O3450,7,Delivered,3PL_A
O3451,2,Delivered,3PL_A
O3452,7,Delivered,3PL_B
O3453,4,Delivered,Valmo
O3454,3,Returned,Valmo
O3455,6,Returned,3PL_A
O3456,4,Delivered,3PL_B
O3457,4,Delivered,3PL_B
O3458,3,Delivered,3PL_A
O3459,9,Delivered,Valmo
O3460,8,Delivered,3PL_A
O3461,6,Delivered,3PL_B
O3462,9,Delivered,3PL_B
O3463,9,Delivered,Valmo
O3464,4,Delivered,3PL_B
O3465,7,Delivered,3PL_B
O3466,9,Delivered,3PL_B
O3467,3,Delivered,Valmo
O3468,8,Delivered,3PL_B
O3469,6,Delivered,3PL_A
O3470,5,Delivered,Valmo
O3471,2,Returned,3PL_A
O3472,7,Delivered,3PL_A
O3473,3,Delivered,Valmo
O3474,2,Delivered,3PL_A
O3475,8,Delivered,Valmo
O3476,8,Delivered,3PL_A
O3477,5,Returned,Valmo
O3478,9,Delivered,3PL_B
O3479,4,Delivered,3PL_B
O3480,4,Delivered,3PL_A
O3481,6,Delivered,3PL_B
O3482,3,Delivered,Valmo
O3483,3,Returned,3PL_A
O3484,9,Delivered,3PL_B
O3485,8,Delivered,3PL_B
O3486,6,Delivered,3PL_A
O3487,9,Delivered,3PL_B
O3488,2,Delivered,3PL_B
O3489,4,Delivered,3PL_A
O3490,4,Returned,3PL_B
O3491,8,Delivered,3PL_B
O3492,3,Returned,3PL_B
O3493,8,Delivered,3PL_B
O3494,9,Delivered,3PL_A
O3495,3,Delivered,Valmo
O3496,6,Delivered,Valmo
O3497,9,Delivered,3PL_B
O3498,5,Delivered,3PL_B
O3499,2,Delivered,Valmo
O3500,7,Delivered,3PL_B
O3501,5,Delivered,Valmo
O3502,9,Delivered,3PL_A
O3503,5,Delivered,3PL_A
O3504,3,Delivered,3PL_A
O3505,3,Delivered,3PL_A
O3506,3,Delivered,3PL_A
O3507,5,Delivered,3PL_A
O3508,8,Delivered,Valmo
O3509,2,Delivered,3PL_B
O3510,8,Delivered,Valmo
O3511,3,Delivered,3PL_A
O3512,9,Delivered,3PL_B
O3513,9,Delivered,3PL_B
O3514,4,Delivered,3PL_A
O3515,8,Delivered,3PL_A
O3516,2,Delivered,3PL_A
O3517,9,Delivered,3PL_A
O3518,4,Delivered,3PL_A
O3519,2,Delivered,3PL_A
O3520,3,Delivered,3PL_B
O3521,8,Delivered,3PL_A
O3522,7,Delivered,3PL_A
O3523,6,Delivered,3PL_B
O3524,3,Delivered,Valmo
O3525,9,Delivered,3PL_A
O3526,5,Delivered,3PL_B
O3527,7,Delivered,3PL_B
O3528,5,Delivered,Valmo
O3529,2,Delivered,3PL_A
O3530,5,Delivered,3PL_A
O3531,7,Delivered,3PL_A
O3532,7,Delivered,3PL_B
O3533,3,Delivered,3PL_A
O3534,4,Delivered,3PL_A
O3535,3,Delivered,3PL_A
O3536,2,Delivered,3PL_A
O3537,9,Delivered,Valmo
O3538,5,Returned,Valmo
O3539,4,Delivered,Valmo
O3540,8,Delivered,3PL_A
O3541,6,Returned,3PL_A
O3542,7,Delivered,3PL_B
O3543,4,Delivered,3PL_B
O3544,9,Delivered,3PL_B
O3545,8,Delivered,3PL_A
O3546,4,Delivered,Valmo
O3547,3,Delivered,Valmo
O3548,8,Delivered,Valmo
O3549,6,Delivered,3PL_A
O3550,9,Delivered,Valmo
O3551,7,Delivered,3PL_B
O3552,9,Delivered,3PL_B
O3553,2,Delivered,Valmo
O3554,2,Delivered,3PL_B
O3555,4,Delivered,Valmo
O3556,8,Delivered,Valmo
O3557,4,Delivered,3PL_B
O3558,5,Returned,3PL_B
O3559,6,Returned,3PL_B
O3560,7,Delivered,3PL_B
O3561,4,Delivered,Valmo
O3562,5,Delivered,3PL_B
O3563,8,Delivered,3PL_B
O3564,6,Delivered,3PL_A
O3565,7,Returned,3PL_B
O3566,2,Delivered,3PL_B
O3567,5,Delivered,Valmo
O3568,8,Returned,Valmo
O3569,6,Delivered,3PL_A
O3570,5,Delivered,3PL_B
O3571,4,Delivered,3PL_B
O3572,3,Delivered,3PL_B
O3573,2,Returned,3PL_B
O3574,4,Delivered,3PL_B
O3575,4,Delivered,3PL_B
O3576,8,Delivered,3PL_A
O3577,8,Returned,3PL_B
O3578,6,Delivered,3PL_B
O3579,8,Delivered,3PL_B
O3580,5,Delivered,3PL_A
O3581,2,Returned,3PL_B
O3582,4,Delivered,3PL_A
O3583,6,Delivered,Valmo
O3584,9,Delivered,3PL_B
O3585,9,Delivered,3PL_A
O3586,2,Delivered,Valmo
O3587,8,Delivered,3PL_A
O3588,8,Delivered,3PL_A
O3589,5,Delivered,Valmo
O3590,8,Delivered,3PL_B
O3591,9,Returned,3PL_B
O3592,4,Delivered,3PL_A
O3593,9,Delivered,Valmo
O3594,7,Delivered,3PL_B
O3595,4,Delivered,3PL_A
O3596,4,Delivered,Valmo
O3597,8,Delivered,3PL_A
O3598,2,Returned,Valmo
O3599,8,Delivered,3PL_B
O3600,2,Returned,3PL_B
O3601,2,Delivered,3PL_A
O3602,9,Delivered,3PL_B
O3603,2,Delivered,3PL_B
O3604,6,Delivered,Valmo
O3605,3,Returned,3PL_B
O3606,8,Returned,Valmo
O3607,6,Delivered,Valmo
O3608,4,Delivered,3PL_A
O3609,6,Delivered,Valmo
O3610,5,Delivered,3PL_B
O3611,7,Delivered,Valmo
O3612,2,Delivered,Valmo
O3613,8,Delivered,3PL_A
O3614,5,Delivered,3PL_B
O3615,8,Delivered,3PL_B
O3616,9,Delivered,3PL_B
O3617,7,Returned,Valmo
O3618,5,Delivered,3PL_B
O3619,8,Delivered,3PL_B
O3620,4,Delivered,Valmo
O3621,2,Delivered,3PL_A
O3622,5,Returned,3PL_A
O3623,4,Returned,Valmo
O3624,2,Delivered,3PL_A
O3625,3,Delivered,3PL_A
O3626,4,Delivered,3PL_A
O3627,6,Delivered,3PL_B
O3628,8,Delivered,3PL_A
O3629,9,Delivered,3PL_B
O3630,2,Delivered,3PL_A
O3631,5,Delivered,3PL_B
O3632,7,Delivered,Valmo
O3633,5,Delivered,Valmo
O3634,6,Delivered,3PL_A
O3635,8,Delivered,3PL_B
O3636,6,Returned,Valmo
O3637,5,Delivered,Valmo
O3638,9,Delivered,Valmo
O3639,8,Delivered,Valmo
O3640,7,Delivered,3PL_A
O3641,2,Delivered,3PL_B
O3642,8,Delivered,Valmo
O3643,4,Delivered,3PL_A
O3644,8,Delivered,Valmo
O3645,6,Returned,Valmo
O3646,6,Delivered,Valmo
O3647,6,Delivered,Valmo
O3648,7,Delivered,3PL_A
O3649,8,Delivered,3PL_B
O3650,9,Delivered,3PL_A
O3651,9,Returned,3PL_A
O3652,8,Delivered,3PL_A
O3653,9,Delivered,Valmo
O3654,3,Returned,3PL_B
O3655,7,Delivered,Valmo
O3656,2,Delivered,3PL_A
O3657,2,Delivered,Valmo
O3658,2,Delivered,3PL_B
O3659,2,Delivered,3PL_B
O3660,2,Delivered,Valmo
O3661,9,Delivered,3PL_A
O3662,5,Delivered,Valmo
O3663,6,Delivered,3PL_A
O3664,7,Returned,3PL_B
O3665,5,Returned,Valmo
O3666,7,Delivered,3PL_B
O3667,3,Delivered,3PL_A
O3668,8,Delivered,3PL_A
O3669,4,Returned,Valmo
O3670,6,Delivered,Valmo
O3671,3,Delivered,Valmo
O3672,5,Delivered,3PL_B
O3673,4,Delivered,3PL_A
O3674,8,Delivered,3PL_A
O3675,3,Delivered,3PL_B
O3676,8,Delivered,Valmo
O3677,8,Delivered,Valmo
O3678,9,Delivered,3PL_B
O3679,7,Delivered,3PL_A
O3680,4,Delivered,3PL_A
O3681,7,Delivered,3PL_A
O3682,8,Delivered,3PL_A
O3683,9,Delivered,3PL_B
O3684,3,Delivered,3PL_A
O3685,8,Returned,3PL_B
O3686,5,Delivered,Valmo
O3687,8,Delivered,3PL_B
O3688,7,Delivered,3PL_A
O3689,4,Delivered,Valmo
O3690,3,Delivered,3PL_B
O3691,7,Returned,3PL_B
O3692,8,Delivered,3PL_B
O3693,5,Delivered,Valmo
O3694,6,Delivered,3PL_B
O3695,9,Delivered,3PL_A
O3696,5,Delivered,Valmo
O3697,8,Delivered,Valmo
O3698,5,Delivered,3PL_B
O3699,9,Delivered,3PL_A
O3700,6,Delivered,Valmo
O3701,5,Returned,3PL_B
O3702,6,Delivered,3PL_A
O3703,8,Delivered,3PL_B
O3704,6,Delivered,3PL_B
O3705,7,Delivered,Valmo
O3706,7,Delivered,Valmo
O3707,6,Delivered,3PL_B
O3708,3,Delivered,Valmo
O3709,4,Delivered,Valmo
O3710,3,Delivered,3PL_A
O3711,6,Delivered,3PL_A
O3712,4,Delivered,3PL_B
O3713,7,Delivered,3PL_B
O3714,4,Delivered,3PL_B
O3715,6,Delivered,3PL_B
O3716,7,Delivered,3PL_A
O3717,4,Delivered,Valmo
O3718,4,Delivered,3PL_A
O3719,3,Delivered,3PL_B
O3720,4,Delivered,3PL_B
O3721,8,Delivered,3PL_A
O3722,6,Delivered,3PL_A
O3723,2,Delivered,3PL_B
O3724,2,Delivered,Valmo
O3725,2,Delivered,3PL_B
O3726,6,Delivered,3PL_A
O3727,2,Delivered,3PL_B
O3728,3,Delivered,3PL_B
O3729,6,Delivered,Valmo
O3730,8,Returned,3PL_B
O3731,7,Delivered,3PL_B
O3732,8,Delivered,3PL_B
O3733,6,Delivered,3PL_A
O3734,6,Delivered,3PL_A
O3735,4,Delivered,Valmo
O3736,4,Returned,3PL_B
O3737,4,Delivered,3PL_A
O3738,9,Delivered,Valmo
O3739,9,Delivered,3PL_B
O3740,5,Returned,Valmo
O3741,9,Delivered,Valmo
O3742,3,Delivered,Valmo
O3743,6,Delivered,Valmo
O3744,8,Delivered,Valmo
O3745,6,Delivered,Valmo
O3746,4,Delivered,Valmo
O3747,6,Delivered,3PL_B
O3748,7,Delivered,3PL_B
O3749,9,Delivered,Valmo
O3750,6,Delivered,3PL_B
O3751,8,Delivered,Valmo
O3752,2,Delivered,3PL_B
O3753,7,Delivered,3PL_A
O3754,7,Delivered,Valmo
O3755,6,Delivered,3PL_A
O3756,5,Delivered,Valmo
O3757,4,Delivered,Valmo
O3758,3,Returned,3PL_A
O3759,3,Delivered,3PL_A
O3760,2,Returned,3PL_A
O3761,3,Delivered,Valmo
O3762,3,Delivered,3PL_A
O3763,4,Delivered,3PL_A
O3764,9,Delivered,3PL_B
O3765,4,Delivered,3PL_B
O3766,5,Returned,3PL_A
O3767,8,Delivered,3PL_A
O3768,2,Delivered,3PL_A
O3769,3,Delivered,3PL_A
O3770,5,Delivered,3PL_B
O3771,2,Delivered,Valmo
O3772,7,Delivered,3PL_A
O3773,3,Delivered,3PL_A
O3774,3,Delivered,3PL_B
O3775,4,Delivered,3PL_A
O3776,6,Delivered,3PL_A
O3777,2,Delivered,3PL_B
O3778,3,Delivered,3PL_A
O3779,9,Delivered,3PL_A
O3780,2,Delivered,3PL_B
O3781,8,Returned,Valmo
O3782,9,Returned,3PL_A
O3783,5,Delivered,3PL_A
O3784,9,Delivered,Valmo
O3785,5,Returned,3PL_B
O3786,6,Delivered,Valmo
O3787,3,Delivered,3PL_A
O3788,9,Delivered,Valmo
O3789,8,Delivered,3PL_B
O3790,4,Delivered,3PL_A
O3791,3,Delivered,3PL_B
O3792,2,Delivered,3PL_B
O3793,7,Delivered,Valmo
O3794,5,Delivered,Valmo
O3795,2,Delivered,3PL_B
O3796,6,Delivered,3PL_B
O3797,5,Delivered,3PL_A
O3798,4,Delivered,3PL_B
O3799,5,Returned,3PL_B
O3800,7,Delivered,Valmo
O3801,9,Returned,3PL_B
O3802,8,Delivered,3PL_B
O3803,9,Delivered,Valmo
O3804,3,Delivered,3PL_A
O3805,7,Delivered,Valmo
O3806,8,Delivered,Valmo
O3807,7,Delivered,3PL_B
O3808,3,Delivered,3PL_B
O3809,5,Delivered,3PL_A
O3810,6,Delivered,3PL_B
O3811,3,Delivered,3PL_A
O3812,3,Delivered,3PL_A
O3813,8,Delivered,3PL_A
O3814,4,Delivered,3PL_A
O3815,9,Delivered,3PL_B
O3816,5,Delivered,Valmo
O3817,3,Delivered,Valmo
O3818,6,Delivered,3PL_B
O3819,2,Delivered,3PL_B
O3820,5,Delivered,3PL_A
O3821,4,Delivered,3PL_B
O3822,7,Delivered,Valmo
O3823,3,Delivered,3PL_B
O3824,6,Returned,3PL_B
O3825,5,Delivered,3PL_A
O3826,6,Delivered,3PL_A
O3827,6,Returned,3PL_A
O3828,9,Delivered,3PL_A
O3829,8,Delivered,Valmo
O3830,7,Delivered,3PL_B
O3831,4,Returned,3PL_B
O3832,9,Delivered,3PL_A
O3833,5,Delivered,Valmo
O3834,3,Delivered,Valmo
O3835,4,Delivered,3PL_B
O3836,3,Delivered,3PL_A
O3837,2,Delivered,3PL_B
O3838,6,Returned,3PL_B
O3839,2,Delivered,Valmo
O3840,8,Delivered,Valmo
O3841,6,Delivered,3PL_B
O3842,7,Delivered,3PL_A
O3843,4,Delivered,3PL_A
O3844,3,Delivered,3PL_B
O3845,9,Delivered,3PL_B
O3846,8,Delivered,3PL_A
O3847,7,Returned,3PL_A
O3848,3,Delivered,3PL_A
O3849,4,Delivered,3PL_B
O3850,5,Delivered,Valmo
O3851,8,Delivered,3PL_A
O3852,2,Delivered,3PL_A
O3853,2,Delivered,3PL_A
O3854,9,Delivered,3PL_B
O3855,3,Delivered,Valmo
O3856,3,Delivered,Valmo
O3857,3,Delivered,3PL_A
O3858,8,Delivered,3PL_B
O3859,4,Delivered,Valmo
O3860,5,Delivered,3PL_B
O3861,2,Delivered,Valmo
O3862,7,Delivered,3PL_A
O3863,6,Delivered,3PL_B
O3864,8,Delivered,3PL_A
O3865,8,Returned,Valmo
O3866,4,Returned,Valmo
O3867,2,Delivered,3PL_A
O3868,9,Delivered,Valmo
O3869,5,Delivered,3PL_A
O3870,4,Delivered,3PL_A
O3871,7,Delivered,3PL_A
O3872,2,Returned,Valmo
O3873,4,Delivered,3PL_B
O3874,2,Returned,3PL_A
O3875,2,Delivered,3PL_B
O3876,9,Delivered,Valmo
O3877,8,Returned,Valmo
O3878,5,Delivered,3PL_B
O3879,8,Delivered,3PL_A
O3880,6,Delivered,Valmo
O3881,5,Delivered,3PL_A
O3882,2,Delivered,3PL_A
O3883,4,Delivered,3PL_B
O3884,7,Delivered,Valmo
O3885,9,Delivered,3PL_B
O3886,5,Delivered,Valmo
O3887,6,Delivered,3PL_B
O3888,2,Delivered,Valmo
O3889,7,Delivered,Valmo
O3890,5,Delivered,Valmo
O3891,8,Delivered,3PL_A
O3892,8,Returned,3PL_A
O3893,5,Delivered,3PL_B
O3894,5,Delivered,3PL_B
O3895,5,Delivered,Valmo
O3896,7,Delivered,Valmo
O3897,8,Delivered,3PL_A
O3898,4,Returned,3PL_A
O3899,6,Delivered,3PL_A
O3900,6,Delivered,3PL_B
O3901,9,Delivered,3PL_A
O3902,2,Delivered,3PL_B
O3903,3,Delivered,3PL_A
O3904,4,Delivered,3PL_A
O3905,8,Delivered,Valmo
O3906,2,Delivered,3PL_B
O3907,9,Delivered,3PL_A
O3908,2,Delivered,Valmo
O3909,5,Delivered,3PL_B
O3910,3,Returned,3PL_B
O3911,8,Delivered,3PL_A
O3912,3,Delivered,3PL_B
O3913,4,Returned,Valmo
O3914,3,Delivered,Valmo
O3915,2,Delivered,3PL_B
O3916,3,Returned,Valmo
O3917,3,Delivered,3PL_B
O3918,6,Delivered,Valmo
O3919,8,Delivered,3PL_B
O3920,8,Delivered,3PL_B
O3921,2,Delivered,3PL_B
O3922,7,Delivered,Valmo
O3923,3,Delivered,3PL_B
O3924,3,Returned,3PL_B
O3925,5,Delivered,3PL_A
O3926,8,Delivered,3PL_A
O3927,3,Delivered,3PL_B
O3928,8,Delivered,3PL_A
O3929,3,Delivered,3PL_B
O3930,6,Delivered,3PL_A
O3931,2,Returned,Valmo
O3932,8,Returned,Valmo
O3933,4,Returned,3PL_B
O3934,2,Delivered,3PL_B
O3935,5,Delivered,Valmo
O3936,2,Returned,Valmo
O3937,3,Delivered,3PL_A
O3938,5,Delivered,3PL_B
O3939,2,Delivered,Valmo
O3940,9,Delivered,Valmo
O3941,5,Delivered,3PL_B
O3942,9,Returned,3PL_A
O3943,4,Delivered,3PL_A
O3944,2,Delivered,3PL_A
O3945,8,Delivered,3PL_A
O3946,8,Delivered,Valmo
O3947,7,Returned,3PL_B
O3948,3,Delivered,3PL_B
O3949,9,Delivered,Valmo
O3950,5,Delivered,Valmo
O3951,7,Delivered,Valmo
O3952,7,Delivered,3PL_B
O3953,6,Delivered,3PL_B
O3954,9,Delivered,3PL_B
O3955,5,Delivered,3PL_A
O3956,7,Delivered,Valmo
O3957,6,Returned,Valmo
O3958,7,Returned,Valmo
O3959,3,Returned,3PL_B
O3960,4,Delivered,Valmo
O3961,9,Delivered,Valmo
O3962,6,Delivered,3PL_A
O3963,4,Delivered,3PL_B
O3964,5,Returned,Valmo
O3965,3,Delivered,3PL_B
O3966,6,Delivered,3PL_B
O3967,5,Delivered,3PL_B
O3968,7,Returned,3PL_A
O3969,8,Returned,3PL_B
O3970,2,Delivered,3PL_B
O3971,5,Delivered,3PL_B
O3972,4,Delivered,Valmo
O3973,3,Delivered,3PL_A
O3974,3,Delivered,Valmo
O3975,5,Delivered,3PL_A
O3976,7,Delivered,3PL_A
O3977,2,Returned,3PL_B
O3978,9,Delivered,3PL_B
O3979,4,Delivered,Valmo
O3980,5,Delivered,3PL_A
O3981,5,Delivered,3PL_B
O3982,8,Delivered,3PL_B
O3983,3,Delivered,3PL_B
O3984,4,Delivered,3PL_B
O3985,2,Delivered,Valmo
O3986,3,Returned,Valmo
O3987,5,Delivered,3PL_B
O3988,3,Delivered,3PL_B
O3989,3,Returned,3PL_B
O3990,6,Delivered,3PL_B
O3991,3,Delivered,3PL_B
O3992,7,Delivered,3PL_A
O3993,3,Delivered,3PL_A
O3994,9,Delivered,3PL_A
O3995,7,Delivered,3PL_A
O3996,4,Delivered,3PL_B
O3997,3,Delivered,3PL_A
O3998,2,Delivered,3PL_A
O3999,7,Returned,Valmo
O4000,7,Delivered,3PL_A
O4001,5,Delivered,3PL_A
O4002,4,Delivered,3PL_B
O4003,3,Delivered,3PL_A
O4004,8,Delivered,3PL_A
O4005,2,Delivered,3PL_B
O4006,5,Delivered,3PL_A
O4007,4,Returned,3PL_B
O4008,9,Delivered,3PL_A
O4009,7,Delivered,Valmo
O4010,2,Delivered,Valmo
O4011,9,Delivered,3PL_A
O4012,3,Delivered,Valmo
O4013,8,Delivered,3PL_B
O4014,6,Returned,3PL_A
O4015,6,Delivered,3PL_B
O4016,4,Delivered,Valmo
O4017,8,Delivered,3PL_B
O4018,2,Returned,Valmo
O4019,5,Delivered,Valmo
O4020,2,Delivered,Valmo
O4021,8,Delivered,3PL_B
O4022,9,Delivered,Valmo
O4023,7,Returned,3PL_A
O4024,6,Delivered,Valmo
O4025,4,Returned,3PL_A
O4026,3,Delivered,3PL_A
O4027,2,Delivered,3PL_A
O4028,6,Delivered,3PL_A
O4029,5,Returned,3PL_B
O4030,4,Delivered,3PL_A
O4031,3,Delivered,Valmo
O4032,2,Delivered,3PL_A
O4033,5,Delivered,Valmo
O4034,3,Delivered,3PL_B
O4035,7,Delivered,3PL_A
O4036,6,Delivered,Valmo
O4037,7,Delivered,3PL_B
O4038,6,Delivered,3PL_B
O4039,5,Delivered,Valmo
O4040,9,Delivered,3PL_A
O4041,7,Delivered,3PL_B
O4042,6,Delivered,Valmo
O4043,4,Delivered,3PL_A
O4044,5,Delivered,3PL_B
O4045,6,Delivered,Valmo
O4046,2,Delivered,3PL_B
O4047,6,Delivered,3PL_B
O4048,7,Delivered,Valmo
O4049,4,Returned,3PL_B
O4050,3,Delivered,Valmo
O4051,9,Delivered,3PL_A
O4052,3,Returned,Valmo
O4053,6,Delivered,3PL_A
O4054,3,Delivered,3PL_B
O4055,6,Delivered,Valmo
O4056,4,Delivered,Valmo
O4057,3,Delivered,Valmo
O4058,7,Delivered,Valmo
O4059,7,Delivered,3PL_A
O4060,2,Delivered,3PL_A
O4061,6,Delivered,3PL_B
O4062,3,Delivered,3PL_B
O4063,7,Returned,3PL_B
O4064,8,Delivered,3PL_B
O4065,4,Delivered,Valmo
O4066,9,Delivered,3PL_A
O4067,4,Returned,3PL_A
O4068,8,Delivered,3PL_A
O4069,8,Delivered,3PL_A
O4070,2,Delivered,3PL_B
O4071,4,Delivered,Valmo
O4072,4,Delivered,3PL_A
O4073,3,Delivered,Valmo
O4074,6,Delivered,Valmo
O4075,5,Delivered,Valmo
O4076,9,Delivered,Valmo
O4077,4,Delivered,3PL_A
O4078,9,Delivered,3PL_A
O4079,9,Delivered,3PL_A
O4080,9,Delivered,3PL_B
O4081,4,Delivered,3PL_A
O4082,5,Delivered,3PL_B
O4083,4,Delivered,3PL_B
O4084,3,Delivered,3PL_B
O4085,3,Delivered,3PL_A
O4086,5,Delivered,3PL_A
O4087,7,Delivered,3PL_A
O4088,4,Delivered,3PL_B
O4089,7,Delivered,3PL_B
O4090,9,Delivered,Valmo
O4091,4,Delivered,3PL_B
O4092,6,Returned,3PL_B
O4093,4,Delivered,3PL_A
O4094,3,Delivered,Valmo
O4095,2,Delivered,Valmo
O4096,8,Delivered,Valmo
O4097,2,Delivered,3PL_A
O4098,2,Delivered,Valmo
O4099,2,Delivered,Valmo
O4100,8,Delivered,3PL_A
O4101,7,Delivered,Valmo
O4102,8,Delivered,3PL_B
O4103,7,Delivered,3PL_B
O4104,8,Delivered,3PL_B
O4105,8,Delivered,3PL_B
O4106,4,Delivered,3PL_B
O4107,7,Delivered,3PL_B
O4108,4,Delivered,3PL_B
O4109,6,Delivered,3PL_B
O4110,4,Returned,3PL_B
O4111,2,Delivered,3PL_A
O4112,5,Delivered,3PL_A
O4113,5,Delivered,3PL_B
O4114,3,Delivered,3PL_A
O4115,3,Returned,3PL_A
O4116,9,Returned,3PL_B
O4117,4,Delivered,3PL_B
O4118,8,Delivered,3PL_A
O4119,8,Delivered,3PL_B
O4120,5,Delivered,3PL_B
O4121,2,Delivered,3PL_B
O4122,7,Delivered,3PL_B
O4123,2,Returned,3PL_A
O4124,9,Delivered,Valmo
O4125,2,Delivered,3PL_A
O4126,4,Returned,Valmo
O4127,4,Returned,Valmo
O4128,6,Delivered,Valmo
O4129,9,Delivered,3PL_A
O4130,2,Delivered,3PL_A
O4131,8,Delivered,3PL_A
O4132,8,Delivered,3PL_A
O4133,9,Delivered,3PL_A
O4134,2,Returned,Valmo
O4135,4,Delivered,3PL_A
O4136,4,Delivered,Valmo
O4137,6,Returned,3PL_A
O4138,6,Delivered,3PL_A
O4139,3,Delivered,3PL_B
O4140,9,Delivered,Valmo
O4141,5,Delivered,3PL_A
O4142,2,Delivered,3PL_A
O4143,9,Delivered,3PL_A
O4144,8,Delivered,3PL_B
O4145,2,Delivered,Valmo
O4146,6,Delivered,3PL_A
O4147,6,Returned,3PL_A
O4148,3,Delivered,3PL_A
O4149,5,Delivered,3PL_B
O4150,3,Delivered,3PL_A
O4151,8,Delivered,Valmo
O4152,5,Delivered,Valmo
O4153,7,Delivered,Valmo
O4154,2,Delivered,Valmo
O4155,3,Delivered,3PL_A
O4156,6,Delivered,3PL_B
O4157,3,Delivered,3PL_B
O4158,7,Delivered,3PL_B
O4159,3,Delivered,3PL_A
O4160,2,Delivered,3PL_B
O4161,7,Delivered,Valmo
O4162,9,Delivered,3PL_A
O4163,9,Delivered,3PL_B
O4164,9,Delivered,Valmo
O4165,6,Delivered,Valmo
O4166,6,Delivered,3PL_A
O4167,9,Delivered,3PL_A
O4168,9,Delivered,3PL_B
O4169,9,Delivered,3PL_B
O4170,4,Delivered,3PL_B
O4171,9,Delivered,3PL_A
O4172,7,Returned,3PL_B
O4173,4,Delivered,3PL_B
O4174,4,Delivered,Valmo
O4175,2,Returned,Valmo
O4176,3,Delivered,Valmo
O4177,6,Delivered,3PL_B
O4178,6,Returned,3PL_A
O4179,3,Delivered,Valmo
O4180,6,Delivered,3PL_A
O4181,3,Delivered,3PL_B
O4182,7,Delivered,3PL_B
O4183,2,Delivered,Valmo
O4184,9,Delivered,3PL_A
O4185,2,Delivered,Valmo
O4186,8,Delivered,3PL_B
O4187,2,Delivered,3PL_A
O4188,3,Returned,Valmo
O4189,8,Delivered,3PL_B
O4190,3,Delivered,Valmo
O4191,9,Delivered,3PL_A
O4192,5,Delivered,3PL_A
O4193,8,Delivered,3PL_A
O4194,9,Delivered,3PL_A
O4195,9,Delivered,3PL_A
O4196,6,Returned,Valmo
O4197,6,Delivered,Valmo
O4198,5,Delivered,Valmo
O4199,5,Delivered,Valmo
O4200,2,Delivered,3PL_B
O4201,9,Delivered,3PL_B
O4202,5,Delivered,Valmo
O4203,3,Delivered,3PL_B
O4204,9,Delivered,3PL_B
O4205,4,Delivered,3PL_A
O4206,3,Delivered,Valmo
O4207,8,Delivered,3PL_B
O4208,5,Delivered,3PL_B
O4209,6,Delivered,Valmo
O4210,3,Delivered,3PL_A
O4211,6,Delivered,Valmo
O4212,3,Delivered,3PL_A
O4213,6,Delivered,3PL_B
O4214,7,Delivered,3PL_A
O4215,3,Delivered,3PL_A
O4216,8,Delivered,Valmo
O4217,6,Delivered,3PL_B
O4218,4,Delivered,Valmo
O4219,8,Delivered,Valmo
O4220,2,Returned,3PL_B
O4221,3,Returned,Valmo
O4222,4,Delivered,Valmo
O4223,2,Delivered,3PL_A
O4224,3,Delivered,Valmo
O4225,4,Delivered,3PL_B
O4226,4,Delivered,Valmo
O4227,8,Delivered,3PL_A
O4228,7,Delivered,Valmo
O4229,4,Delivered,Valmo
O4230,7,Returned,Valmo
O4231,5,Delivered,3PL_A
O4232,8,Delivered,3PL_B
O4233,9,Delivered,3PL_B
O4234,6,Delivered,3PL_A
O4235,8,Delivered,3PL_A
O4236,2,Delivered,Valmo
O4237,6,Delivered,3PL_B
O4238,6,Returned,3PL_A
O4239,9,Delivered,3PL_B
O4240,7,Delivered,Valmo
O4241,9,Delivered,3PL_A
O4242,9,Returned,3PL_B
O4243,6,Delivered,3PL_B
O4244,4,Delivered,Valmo
O4245,7,Delivered,3PL_A
O4246,6,Delivered,3PL_B
O4247,7,Delivered,Valmo
O4248,5,Delivered,3PL_B
O4249,7,Delivered,Valmo
O4250,3,Delivered,3PL_B
O4251,4,Returned,3PL_B
O4252,2,Delivered,Valmo
O4253,3,Delivered,3PL_A
O4254,3,Delivered,Valmo
O4255,9,Delivered,3PL_A
O4256,9,Delivered,3PL_B
O4257,3,Delivered,3PL_B
O4258,6,Delivered,Valmo
O4259,7,Delivered,Valmo
O4260,7,Delivered,3PL_A
O4261,8,Returned,3PL_A
O4262,6,Returned,3PL_A
O4263,4,Delivered,Valmo
O4264,6,Delivered,3PL_B
O4265,6,Delivered,Valmo
O4266,6,Delivered,3PL_B
O4267,4,Delivered,Valmo
O4268,8,Delivered,Valmo
O4269,4,Delivered,3PL_A
O4270,5,Returned,3PL_B
O4271,8,Delivered,Valmo
O4272,5,Delivered,Valmo
O4273,5,Delivered,3PL_B
O4274,5,Delivered,Valmo
O4275,7,Delivered,3PL_B
O4276,3,Delivered,3PL_A
O4277,3,Returned,3PL_A
O4278,5,Delivered,3PL_B
O4279,5,Delivered,3PL_A
O4280,2,Delivered,3PL_B
O4281,9,Returned,Valmo
O4282,3,Delivered,Valmo
O4283,9,Delivered,3PL_B
O4284,9,Delivered,Valmo
O4285,2,Returned,3PL_A
O4286,9,Returned,Valmo
O4287,8,Delivered,Valmo
O4288,2,Returned,3PL_B
O4289,9,Delivered,3PL_A
O4290,9,Delivered,Valmo
O4291,6,Delivered,Valmo
O4292,9,Delivered,3PL_B
O4293,7,Returned,3PL_B
O4294,8,Delivered,3PL_A
O4295,4,Returned,Valmo
O4296,3,Delivered,3PL_B
O4297,5,Delivered,3PL_B
O4298,9,Returned,3PL_B
O4299,8,Delivered,3PL_A
O4300,5,Delivered,3PL_B
O4301,4,Delivered,3PL_A
O4302,8,Returned,3PL_A
O4303,3,Delivered,Valmo
O4304,8,Returned,Valmo
O4305,5,Delivered,3PL_A
O4306,5,Delivered,Valmo
O4307,6,Delivered,Valmo
O4308,9,Delivered,3PL_B
O4309,2,Delivered,Valmo
O4310,8,Delivered,3PL_A
O4311,5,Returned,Valmo
O4312,7,Delivered,3PL_B
O4313,3,Delivered,3PL_A
O4314,7,Delivered,Valmo
O4315,4,Delivered,3PL_A
O4316,8,Delivered,Valmo
O4317,6,Returned,3PL_B
O4318,3,Delivered,Valmo
O4319,6,Returned,3PL_A
O4320,2,Delivered,3PL_A
O4321,5,Returned,3PL_A
O4322,9,Delivered,Valmo
O4323,3,Delivered,Valmo
O4324,4,Delivered,Valmo
O4325,9,Delivered,3PL_B
O4326,8,Delivered,3PL_B
O4327,2,Returned,3PL_B
O4328,2,Returned,3PL_A
O4329,6,Delivered,3PL_A
O4330,2,Delivered,3PL_A
O4331,3,Delivered,3PL_A
O4332,6,Delivered,3PL_A
O4333,9,Delivered,Valmo
O4334,2,Delivered,3PL_A
O4335,8,Delivered,Valmo
O4336,9,Delivered,3PL_B
O4337,4,Delivered,3PL_B
O4338,8,Delivered,3PL_B
O4339,7,Delivered,3PL_B
O4340,3,Delivered,3PL_B
O4341,4,Delivered,3PL_A
O4342,4,Delivered,3PL_A
O4343,6,Delivered,3PL_A
O4344,5,Delivered,3PL_B
O4345,6,Delivered,3PL_B
O4346,3,Delivered,Valmo
O4347,3,Delivered,3PL_A
O4348,6,Delivered,3PL_B
O4349,5,Delivered,3PL_B
O4350,8,Delivered,3PL_B
O4351,6,Delivered,Valmo
O4352,3,Delivered,3PL_B
O4353,5,Returned,Valmo
O4354,3,Delivered,Valmo
O4355,5,Returned,3PL_A
O4356,5,Returned,3PL_B
O4357,9,Delivered,Valmo
O4358,6,Delivered,3PL_B
O4359,6,Returned,3PL_A
O4360,6,Delivered,3PL_A
O4361,5,Delivered,Valmo
O4362,5,Delivered,3PL_A
O4363,3,Delivered,3PL_A
O4364,4,Delivered,3PL_A
O4365,6,Delivered,3PL_B
O4366,9,Delivered,3PL_B
O4367,7,Delivered,Valmo
O4368,3,Delivered,Valmo
O4369,3,Delivered,3PL_A
O4370,2,Delivered,3PL_A
O4371,6,Delivered,Valmo
O4372,8,Delivered,3PL_A
O4373,3,Delivered,Valmo
O4374,2,Returned,3PL_B
O4375,7,Delivered,3PL_A
O4376,9,Delivered,3PL_A
O4377,7,Delivered,3PL_A
O4378,8,Delivered,3PL_B
O4379,6,Delivered,3PL_B
O4380,5,Returned,3PL_A
O4381,2,Delivered,Valmo
O4382,5,Delivered,3PL_B
O4383,7,Delivered,3PL_A
O4384,7,Delivered,3PL_A
O4385,4,Delivered,3PL_B
O4386,4,Delivered,Valmo
O4387,9,Delivered,3PL_A
O4388,8,Delivered,Valmo
O4389,4,Delivered,Valmo
O4390,4,Delivered,3PL_B
O4391,8,Delivered,3PL_A
O4392,3,Returned,3PL_A
O4393,4,Delivered,Valmo
O4394,3,Delivered,3PL_B
O4395,3,Delivered,3PL_B
O4396,6,Delivered,3PL_B
O4397,3,Delivered,Valmo
O4398,3,Delivered,Valmo
O4399,4,Delivered,3PL_A
O4400,3,Delivered,3PL_B
O4401,5,Returned,Valmo
O4402,8,Returned,3PL_B
O4403,4,Delivered,Valmo
O4404,8,Returned,3PL_A
O4405,2,Delivered,3PL_B
O4406,4,Delivered,Valmo
O4407,3,Returned,3PL_B
O4408,5,Delivered,Valmo
O4409,8,Returned,Valmo
O4410,4,Delivered,Valmo
O4411,5,Delivered,3PL_B
O4412,8,Delivered,Valmo
O4413,2,Delivered,3PL_A
O4414,7,Delivered,3PL_B
O4415,9,Delivered,3PL_A
O4416,9,Returned,3PL_A
O4417,2,Delivered,3PL_B
O4418,7,Delivered,Valmo
O4419,6,Delivered,3PL_A
O4420,7,Delivered,3PL_B
O4421,6,Delivered,Valmo
O4422,4,Delivered,3PL_B
O4423,6,Delivered,3PL_B
O4424,9,Delivered,3PL_B
O4425,9,Returned,Valmo
O4426,5,Delivered,3PL_A
O4427,6,Returned,3PL_A
O4428,5,Delivered,3PL_B
O4429,9,Delivered,3PL_B
O4430,8,Delivered,Valmo
O4431,8,Delivered,3PL_B
O4432,7,Delivered,3PL_B
O4433,7,Returned,3PL_B
O4434,7,Delivered,3PL_A
O4435,6,Delivered,3PL_B
O4436,7,Delivered,3PL_A
O4437,6,Delivered,Valmo
O4438,6,Delivered,Valmo
O4439,3,Delivered,3PL_A
O4440,3,Delivered,3PL_A
O4441,6,Delivered,3PL_A
O4442,8,Delivered,3PL_A
O4443,5,Delivered,3PL_B
O4444,9,Delivered,3PL_A
O4445,9,Delivered,3PL_A
O4446,4,Delivered,3PL_A
O4447,2,Returned,3PL_B
O4448,3,Delivered,3PL_B
O4449,6,Delivered,3PL_B
O4450,2,Returned,Valmo
O4451,3,Delivered,3PL_B
O4452,4,Delivered,3PL_A
O4453,9,Delivered,3PL_B
O4454,5,Delivered,3PL_B
O4455,6,Delivered,3PL_A
O4456,4,Delivered,3PL_B
O4457,9,Delivered,Valmo
O4458,8,Delivered,3PL_B
O4459,3,Delivered,Valmo
O4460,6,Delivered,Valmo
O4461,2,Delivered,Valmo
O4462,8,Delivered,3PL_A
O4463,9,Delivered,3PL_B
O4464,8,Returned,Valmo
O4465,7,Delivered,Valmo
O4466,5,Delivered,3PL_B
O4467,9,Delivered,3PL_A
O4468,8,Delivered,3PL_A
O4469,3,Delivered,Valmo
O4470,5,Returned,3PL_A
O4471,6,Delivered,3PL_B
O4472,7,Delivered,3PL_A
O4473,9,Delivered,3PL_B
O4474,4,Delivered,Valmo
O4475,5,Delivered,3PL_B
O4476,2,Delivered,Valmo
O4477,3,Delivered,3PL_B
O4478,9,Delivered,3PL_B
O4479,2,Delivered,3PL_A
O4480,5,Delivered,3PL_B
O4481,9,Delivered,Valmo
O4482,7,Delivered,3PL_B
O4483,4,Delivered,Valmo
O4484,4,Delivered,Valmo
O4485,2,Delivered,3PL_B
O4486,6,Delivered,3PL_A
O4487,6,Delivered,3PL_B
O4488,7,Delivered,3PL_B
O4489,4,Delivered,3PL_A
O4490,2,Delivered,Valmo
O4491,2,Delivered,3PL_B
O4492,9,Delivered,3PL_A
O4493,9,Delivered,3PL_A
O4494,2,Delivered,Valmo
O4495,9,Delivered,3PL_A
O4496,5,Delivered,Valmo
O4497,9,Returned,3PL_B
O4498,7,Delivered,3PL_A
O4499,6,Delivered,3PL_B
O4500,6,Returned,3PL_A
O4501,5,Delivered,3PL_A
O4502,3,Returned,3PL_B
O4503,5,Delivered,3PL_A
O4504,7,Returned,3PL_B
O4505,2,Delivered,3PL_B
O4506,5,Returned,Valmo
O4507,2,Delivered,3PL_B
O4508,7,Delivered,Valmo
O4509,8,Delivered,3PL_B
O4510,7,Returned,3PL_A
O4511,4,Delivered,3PL_B
O4512,2,Delivered,3PL_A
O4513,6,Delivered,Valmo
O4514,5,Delivered,3PL_A
O4515,8,Delivered,3PL_B
O4516,7,Delivered,3PL_A
O4517,2,Delivered,Valmo
O4518,8,Delivered,3PL_A
O4519,3,Delivered,3PL_A
O4520,4,Returned,3PL_B
O4521,3,Returned,3PL_B
O4522,7,Returned,3PL_A
O4523,3,Delivered,Valmo
O4524,3,Delivered,3PL_A
O4525,4,Delivered,Valmo
O4526,4,Returned,Valmo
O4527,9,Delivered,Valmo
O4528,4,Delivered,3PL_A
O4529,8,Delivered,Valmo
O4530,9,Delivered,3PL_A
O4531,4,Delivered,Valmo
O4532,3,Delivered,Valmo
O4533,6,Delivered,3PL_A
O4534,6,Delivered,3PL_B
O4535,9,Delivered,3PL_B
O4536,4,Delivered,3PL_A
O4537,8,Delivered,3PL_A
O4538,5,Delivered,3PL_B
O4539,2,Returned,3PL_B
O4540,7,Delivered,3PL_B
O4541,8,Delivered,3PL_A
O4542,5,Delivered,Valmo
O4543,7,Delivered,3PL_A
O4544,5,Delivered,3PL_B
O4545,5,Delivered,Valmo
O4546,9,Delivered,3PL_A
O4547,6,Delivered,3PL_B
O4548,2,Delivered,3PL_A
O4549,5,Delivered,Valmo
O4550,4,Delivered,3PL_B
O4551,7,Returned,3PL_A
O4552,8,Delivered,Valmo
O4553,6,Delivered,Valmo
O4554,7,Delivered,3PL_A
O4555,9,Delivered,Valmo
O4556,4,Delivered,3PL_B
O4557,4,Returned,Valmo
O4558,5,Delivered,3PL_A
O4559,4,Delivered,3PL_B
O4560,2,Delivered,Valmo
O4561,9,Returned,Valmo
O4562,4,Delivered,3PL_B
O4563,5,Delivered,3PL_B
O4564,7,Delivered,Valmo
O4565,9,Delivered,3PL_B
O4566,4,Delivered,3PL_A
O4567,6,Delivered,Valmo
O4568,9,Delivered,3PL_A
O4569,9,Delivered,Valmo
O4570,8,Delivered,3PL_A
O4571,6,Delivered,3PL_A
O4572,6,Delivered,3PL_B
O4573,7,Delivered,Valmo
O4574,3,Delivered,3PL_B
O4575,8,Returned,3PL_B
O4576,6,Delivered,Valmo
O4577,6,Delivered,3PL_A
O4578,3,Returned,Valmo
O4579,7,Delivered,Valmo
O4580,8,Delivered,Valmo
O4581,6,Delivered,3PL_B
O4582,5,Delivered,Valmo
O4583,7,Delivered,Valmo
O4584,8,Delivered,Valmo
O4585,6,Delivered,3PL_A
O4586,6,Delivered,3PL_A
O4587,3,Delivered,3PL_A
O4588,8,Delivered,3PL_A
O4589,5,Delivered,3PL_B
O4590,7,Delivered,3PL_B
O4591,4,Delivered,Valmo
O4592,2,Delivered,3PL_B
O4593,5,Delivered,3PL_A
O4594,4,Returned,Valmo
O4595,5,Delivered,Valmo
O4596,8,Delivered,3PL_A
O4597,4,Delivered,3PL_A
O4598,8,Returned,3PL_A
O4599,4,Delivered,3PL_B
O4600,5,Delivered,Valmo
O4601,3,Delivered,3PL_A
O4602,5,Delivered,Valmo
O4603,8,Delivered,Valmo
O4604,5,Delivered,3PL_B
O4605,9,Returned,Valmo
O4606,9,Delivered,3PL_A
O4607,4,Delivered,3PL_A
O4608,9,Delivered,Valmo
O4609,2,Delivered,Valmo
O4610,4,Returned,3PL_B
O4611,9,Delivered,3PL_A
O4612,6,Delivered,3PL_A
O4613,5,Delivered,Valmo
O4614,7,Delivered,Valmo
O4615,5,Delivered,Valmo
O4616,9,Delivered,3PL_A
O4617,3,Delivered,Valmo
O4618,8,Delivered,3PL_B
O4619,7,Delivered,3PL_B
O4620,4,Delivered,Valmo
O4621,3,Delivered,3PL_B
O4622,5,Delivered,3PL_B
O4623,9,Delivered,3PL_B
O4624,4,Delivered,3PL_B
O4625,4,Delivered,3PL_B
O4626,6,Delivered,3PL_A
O4627,6,Delivered,Valmo
O4628,9,Delivered,3PL_B
O4629,9,Delivered,Valmo
O4630,2,Delivered,3PL_B
O4631,6,Delivered,3PL_A
O4632,8,Delivered,3PL_A
O4633,7,Delivered,3PL_B
O4634,4,Delivered,3PL_B
O4635,6,Returned,3PL_B
O4636,9,Delivered,3PL_A
O4637,2,Delivered,3PL_A
O4638,9,Returned,Valmo
O4639,9,Delivered,3PL_A
O4640,9,Delivered,3PL_B
O4641,5,Returned,Valmo
O4642,7,Delivered,3PL_A
O4643,6,Delivered,3PL_A
O4644,4,Delivered,3PL_B
O4645,5,Returned,Valmo
O4646,9,Delivered,3PL_A
O4647,8,Delivered,3PL_A
O4648,4,Delivered,3PL_B
O4649,5,Delivered,Valmo
O4650,8,Delivered,Valmo
O4651,8,Returned,Valmo
O4652,7,Delivered,Valmo
O4653,4,Delivered,3PL_B
O4654,6,Delivered,3PL_A
O4655,6,Delivered,3PL_A
O4656,2,Delivered,Valmo
O4657,5,Delivered,Valmo
O4658,2,Delivered,Valmo
O4659,3,Returned,3PL_A
O4660,6,Delivered,3PL_A
O4661,5,Delivered,Valmo
O4662,7,Delivered,3PL_B
O4663,2,Delivered,3PL_A
O4664,7,Delivered,3PL_A
O4665,7,Delivered,Valmo
O4666,9,Delivered,3PL_B
O4667,9,Delivered,Valmo
O4668,7,Delivered,Valmo
O4669,2,Delivered,3PL_B
O4670,9,Returned,3PL_B
O4671,3,Returned,3PL_B
O4672,8,Delivered,3PL_A
O4673,8,Returned,Valmo
O4674,9,Delivered,3PL_A
O4675,2,Returned,3PL_B
O4676,8,Delivered,3PL_A
O4677,4,Returned,3PL_B
O4678,8,Delivered,3PL_B
O4679,6,Delivered,Valmo
O4680,2,Delivered,Valmo
O4681,9,Delivered,Valmo
O4682,9,Delivered,3PL_A
O4683,8,Delivered,Valmo
O4684,2,Returned,3PL_B
O4685,3,Delivered,Valmo
O4686,4,Delivered,3PL_A
O4687,9,Delivered,Valmo
O4688,2,Returned,Valmo
O4689,9,Delivered,Valmo
O4690,9,Delivered,3PL_A
O4691,6,Delivered,3PL_B
O4692,8,Delivered,3PL_B
O4693,6,Delivered,3PL_B
O4694,8,Delivered,Valmo
O4695,9,Delivered,Valmo
O4696,2,Delivered,3PL_A
O4697,7,Delivered,3PL_B
O4698,8,Delivered,Valmo
O4699,7,Returned,Valmo
O4700,4,Delivered,Valmo
O4701,6,Delivered,3PL_A
O4702,7,Delivered,3PL_B
O4703,6,Delivered,3PL_A
O4704,8,Delivered,3PL_B
O4705,8,Delivered,3PL_B
O4706,4,Delivered,Valmo
O4707,8,Delivered,Valmo
O4708,9,Delivered,Valmo
O4709,4,Returned,Valmo
O4710,7,Delivered,Valmo
O4711,8,Delivered,3PL_B
O4712,2,Delivered,Valmo
O4713,5,Delivered,Valmo
O4714,3,Delivered,3PL_A
O4715,9,Delivered,3PL_A
O4716,5,Delivered,3PL_B
O4717,5,Delivered,3PL_B
O4718,6,Returned,3PL_A
O4719,9,Delivered,3PL_A
O4720,9,Delivered,Valmo
O4721,4,Delivered,Valmo
O4722,6,Delivered,3PL_B
O4723,7,Delivered,3PL_A
O4724,3,Delivered,3PL_B
O4725,7,Delivered,Valmo
O4726,2,Returned,3PL_B
O4727,3,Delivered,3PL_B
O4728,6,Returned,3PL_B
O4729,8,Delivered,Valmo
O4730,8,Delivered,3PL_B
O4731,6,Delivered,Valmo
O4732,7,Delivered,3PL_A
O4733,6,Delivered,3PL_B
O4734,6,Delivered,3PL_B
O4735,5,Delivered,Valmo
O4736,2,Delivered,3PL_B
O4737,9,Delivered,Valmo
O4738,8,Returned,3PL_B
O4739,5,Delivered,3PL_A
O4740,6,Delivered,3PL_A
O4741,4,Returned,3PL_A
O4742,5,Delivered,3PL_B
O4743,6,Delivered,3PL_B
O4744,8,Returned,3PL_A
O4745,9,Delivered,3PL_A
O4746,6,Delivered,Valmo
O4747,2,Delivered,Valmo
O4748,7,Delivered,3PL_A
O4749,3,Delivered,3PL_A
O4750,5,Returned,3PL_B
O4751,5,Delivered,3PL_A
O4752,5,Delivered,Valmo
O4753,6,Delivered,Valmo
O4754,9,Delivered,Valmo
O4755,2,Delivered,Valmo
O4756,9,Delivered,Valmo
O4757,6,Delivered,Valmo
O4758,6,Delivered,3PL_A
O4759,7,Delivered,Valmo
O4760,4,Delivered,Valmo
O4761,2,Delivered,Valmo
O4762,5,Delivered,Valmo
O4763,3,Delivered,3PL_A
O4764,5,Delivered,3PL_B
O4765,9,Delivered,3PL_B
O4766,6,Delivered,3PL_B
O4767,2,Delivered,3PL_B
O4768,8,Delivered,Valmo
O4769,2,Delivered,3PL_B
O4770,2,Delivered,3PL_B
O4771,4,Delivered,3PL_A
O4772,5,Returned,3PL_A
O4773,4,Delivered,3PL_A
O4774,8,Delivered,Valmo
O4775,8,Delivered,Valmo
O4776,7,Delivered,Valmo
O4777,9,Delivered,3PL_A
O4778,3,Delivered,3PL_B
O4779,7,Delivered,3PL_A
O4780,6,Returned,Valmo
O4781,4,Delivered,3PL_A
O4782,4,Delivered,3PL_B
O4783,7,Delivered,Valmo
O4784,6,Delivered,3PL_B
O4785,2,Delivered,3PL_B
O4786,6,Delivered,Valmo
O4787,5,Delivered,3PL_B
O4788,7,Delivered,3PL_A
O4789,9,Delivered,3PL_B
O4790,6,Delivered,3PL_B
O4791,2,Delivered,3PL_B
O4792,6,Delivered,3PL_A
O4793,4,Delivered,3PL_B
O4794,3,Delivered,3PL_B
O4795,4,Delivered,3PL_A
O4796,9,Delivered,Valmo
O4797,8,Delivered,Valmo
O4798,3,Delivered,Valmo
O4799,8,Delivered,3PL_B
O4800,6,Delivered,Valmo
O4801,5,Delivered,3PL_A
O4802,9,Delivered,3PL_B
O4803,6,Returned,3PL_B
O4804,2,Delivered,3PL_B
O4805,6,Delivered,Valmo
O4806,3,Delivered,Valmo
O4807,4,Delivered,Valmo
O4808,5,Delivered,3PL_B
O4809,8,Delivered,3PL_A
O4810,6,Delivered,3PL_B
O4811,6,Delivered,3PL_A
O4812,4,Delivered,3PL_B
O4813,5,Delivered,3PL_A
O4814,7,Returned,3PL_B
O4815,8,Delivered,3PL_B
O4816,6,Delivered,3PL_A
O4817,6,Returned,3PL_A
O4818,7,Delivered,3PL_A
O4819,8,Delivered,3PL_A
O4820,3,Delivered,3PL_A
O4821,3,Delivered,3PL_A
O4822,9,Delivered,3PL_A
O4823,9,Delivered,3PL_A
O4824,2,Delivered,3PL_B
O4825,4,Delivered,3PL_A
O4826,5,Delivered,3PL_A
O4827,6,Delivered,3PL_B
O4828,8,Delivered,3PL_B
O4829,6,Delivered,Valmo
O4830,9,Delivered,Valmo
O4831,2,Delivered,3PL_A
O4832,8,Delivered,3PL_A
O4833,8,Delivered,Valmo
O4834,6,Delivered,Valmo
O4835,4,Delivered,3PL_A
O4836,2,Delivered,Valmo
O4837,4,Delivered,3PL_A
O4838,2,Delivered,3PL_B
O4839,6,Delivered,3PL_B
O4840,2,Delivered,Valmo
O4841,3,Delivered,3PL_B
O4842,8,Delivered,3PL_B
O4843,5,Delivered,3PL_B
O4844,6,Returned,3PL_B
O4845,7,Delivered,3PL_A
O4846,5,Delivered,3PL_A
O4847,6,Delivered,Valmo
O4848,5,Delivered,3PL_B
O4849,3,Delivered,3PL_B
O4850,5,Delivered,3PL_B
O4851,2,Delivered,Valmo
O4852,9,Delivered,3PL_A
O4853,5,Delivered,3PL_B
O4854,6,Delivered,3PL_A
O4855,7,Delivered,Valmo
O4856,7,Delivered,3PL_A
O4857,9,Delivered,3PL_B
O4858,4,Delivered,3PL_A
O4859,9,Returned,3PL_A
O4860,8,Delivered,Valmo
O4861,5,Delivered,Valmo
O4862,7,Delivered,Valmo
O4863,9,Returned,Valmo
O4864,5,Delivered,3PL_A
O4865,8,Delivered,3PL_A
O4866,7,Delivered,Valmo
O4867,8,Delivered,Valmo
O4868,5,Delivered,3PL_B
O4869,6,Delivered,3PL_B
O4870,5,Returned,Valmo
O4871,9,Delivered,3PL_A
O4872,8,Returned,Valmo
O4873,6,Delivered,3PL_A
O4874,6,Delivered,3PL_A
O4875,4,Delivered,3PL_B
O4876,7,Delivered,Valmo
O4877,2,Returned,Valmo
O4878,6,Delivered,3PL_A
O4879,8,Returned,Valmo
O4880,7,Delivered,3PL_B
O4881,3,Delivered,3PL_B
O4882,5,Delivered,Valmo
O4883,9,Delivered,Valmo
O4884,8,Delivered,3PL_B
O4885,3,Returned,Valmo
O4886,8,Returned,3PL_A
O4887,5,Returned,Valmo
O4888,4,Delivered,3PL_A
O4889,8,Delivered,Valmo
O4890,6,Delivered,Valmo
O4891,2,Delivered,3PL_B
O4892,6,Delivered,3PL_A
O4893,5,Delivered,3PL_B
O4894,8,Delivered,Valmo
O4895,2,Delivered,3PL_B
O4896,6,Returned,Valmo
O4897,2,Delivered,Valmo
O4898,9,Delivered,Valmo
O4899,5,Delivered,3PL_A
O4900,4,Delivered,3PL_A
O4901,4,Delivered,3PL_A
O4902,8,Delivered,3PL_B
O4903,6,Delivered,Valmo
O4904,3,Delivered,3PL_B
O4905,5,Delivered,3PL_B
O4906,6,Delivered,Valmo
O4907,6,Delivered,3PL_B
O4908,4,Delivered,Valmo
O4909,8,Delivered,Valmo
O4910,2,Delivered,Valmo
O4911,5,Delivered,Valmo
O4912,9,Delivered,3PL_B
O4913,2,Returned,3PL_B
O4914,7,Delivered,3PL_B
O4915,7,Returned,3PL_A
O4916,5,Delivered,3PL_B
O4917,8,Delivered,3PL_B
O4918,3,Delivered,3PL_A
O4919,7,Returned,Valmo
O4920,4,Delivered,Valmo
O4921,3,Delivered,Valmo
O4922,6,Delivered,3PL_A
O4923,7,Returned,3PL_B
O4924,4,Delivered,3PL_B
O4925,6,Delivered,3PL_B
O4926,3,Returned,3PL_B
O4927,5,Delivered,3PL_A
O4928,6,Delivered,3PL_B
O4929,2,Delivered,Valmo
O4930,5,Delivered,3PL_A
O4931,5,Delivered,3PL_A
O4932,3,Delivered,Valmo
O4933,3,Delivered,Valmo
O4934,4,Delivered,3PL_B
O4935,4,Delivered,Valmo
O4936,2,Delivered,3PL_A
O4937,5,Delivered,3PL_A
O4938,9,Delivered,3PL_A
O4939,8,Delivered,3PL_B
O4940,2,Delivered,3PL_B
O4941,2,Delivered,Valmo
O4942,8,Returned,3PL_B
O4943,8,Delivered,3PL_B
O4944,8,Delivered,3PL_A
O4945,3,Delivered,3PL_A
O4946,2,Returned,Valmo
O4947,2,Delivered,3PL_A
O4948,6,Returned,3PL_B
O4949,8,Delivered,Valmo
O4950,8,Returned,Valmo
O4951,4,Delivered,3PL_A
O4952,4,Delivered,3PL_A
O4953,5,Delivered,3PL_A
O4954,4,Delivered,Valmo
O4955,7,Delivered,3PL_A
O4956,5,Delivered,3PL_B
O4957,9,Delivered,Valmo
O4958,8,Delivered,3PL_A
O4959,6,Delivered,3PL_B
O4960,4,Delivered,3PL_B
O4961,6,Delivered,3PL_A
O4962,4,Delivered,3PL_B
O4963,4,Delivered,Valmo
O4964,6,Returned,Valmo
O4965,2,Delivered,3PL_B
O4966,2,Delivered,Valmo
O4967,2,Delivered,3PL_A
O4968,7,Delivered,3PL_B
O4969,2,Delivered,Valmo
O4970,4,Delivered,3PL_A
O4971,8,Delivered,3PL_A
O4972,3,Returned,Valmo
O4973,6,Delivered,3PL_B
O4974,8,Delivered,3PL_A
O4975,3,Returned,3PL_A
O4976,8,Delivered,3PL_A
O4977,7,Delivered,3PL_A
O4978,3,Delivered,3PL_B
O4979,9,Delivered,Valmo
O4980,5,Delivered,Valmo
O4981,2,Delivered,Valmo
O4982,9,Delivered,3PL_A
O4983,7,Delivered,3PL_B
O4984,8,Returned,Valmo
O4985,4,Delivered,3PL_B
O4986,2,Delivered,Valmo
O4987,9,Delivered,3PL_A
O4988,2,Delivered,Valmo
O4989,3,Delivered,3PL_A
O4990,5,Delivered,3PL_A
O4991,2,Delivered,Valmo
O4992,8,Delivered,3PL_B
O4993,8,Delivered,3PL_A
O4994,6,Delivered,3PL_B
O4995,6,Delivered,Valmo
O4996,2,Delivered,3PL_A
O4997,3,Delivered,3PL_B
O4998,3,Returned,3PL_A
O4999,4,Delivered,Valmo
